time_frequent_itemsets,time_association_rules,time_total
0.021335124969482422,0.016100168228149414,0.037435293197631836
0.039732933044433594,0.015545129776000977,0.05527806282043457
0.07172274589538574,0.01600813865661621,0.08773088455200195
0.1357591152191162,0.014539003372192383,0.1502981185913086
0.3165607452392578,0.05391097068786621,0.370471715927124
0.5276949405670166,0.05238223075866699,0.5800771713256836
