,Round 1,Round 2,Round 3,Round 4,Round 5,Round 6,Round 7,Round 8
Transactions,10.0,10.0,10.0,10.0,10.0,10.0,10.0,10.0
Items,4.0,5.0,6.0,7.0,8.0,9.0,10.0,11.0
Itemset Combinations,15.0,31.0,63.0,127.0,255.0,511.0,1023.0,2047.0
Apriori,0.0057642459869384766,0.004873991012573242,0.004778146743774414,0.006228923797607422,0.004378318786621094,0.005626678466796875,0.006961822509765625,0.005482912063598633
Brute Force,0.02506113052368164,0.04364299774169922,0.06052136421203613,0.10494303703308105,0.18473196029663086,0.4457380771636963,0.6864199638366699,1.3654241561889648
