time_frequent_itemsets,time_association_rules,time_total
0.012940724690755209,0.010162353515625,0.023103078206380207
0.027123053868611652,0.02119334538777669,0.048316399256388344
0.0412606398264567,0.015089035034179688,0.05634967486063639
0.07363502184549968,0.016747156778971355,0.09038217862447102
0.1449896494547526,0.013997634251912435,0.15898728370666504
0.2729477087656657,0.05398408571879069,0.32693179448445636
0.5396953423817953,0.055169264475504555,0.5948646068572998
1.1085511048634846,0.06018582979838053,1.1687369346618652
