time_frequent_itemsets,time_association_rules,time_total
0.0033469200134277344,0.002417325973510742,0.0057642459869384766
0.0028259754180908203,0.002048015594482422,0.004873991012573242
0.0030159950256347656,0.0017621517181396484,0.004778146743774414
0.0032339096069335938,0.002995014190673828,0.006228923797607422
0.0025980472564697266,0.0017802715301513672,0.004378318786621094
0.0037980079650878906,0.0018286705017089844,0.005626678466796875
0.005178928375244141,0.0017828941345214844,0.006961822509765625
0.003671884536743164,0.0018110275268554688,0.005482912063598633
