time_frequent_itemsets,time_association_rules,time_total
0.0027686754862467446,0.001912991205851237,0.0046816666920979815
0.0026476383209228516,0.0016833941141764324,0.004331032435099284
0.002765019734700521,0.0015019575754801433,0.004266977310180664
0.0026851495107014975,0.0017423629760742188,0.004427512486775716
0.002669731775919596,0.001537640889485677,0.0042073726654052734
0.0036306381225585938,0.0018089612325032551,0.005439599355061849
0.003258307774861654,0.0016976992289225261,0.00495600700378418
0.0034759044647216797,0.0016127427419026692,0.005088647206624349
