time_frequent_itemsets,time_association_rules,time_total
0.013348102569580078,0.011713027954101562,0.02506113052368164
0.025896072387695312,0.017746925354003906,0.04364299774169922
0.04300808906555176,0.017513275146484375,0.06052136421203613
0.08710074424743652,0.01784229278564453,0.10494303703308105
0.16613984107971191,0.018592119216918945,0.18473196029663086
0.3871879577636719,0.058550119400024414,0.4457380771636963
0.6246500015258789,0.061769962310791016,0.6864199638366699
1.2968189716339111,0.06860518455505371,1.3654241561889648
