time_frequent_itemsets,time_association_rules,time_total
0.0031261444091796875,0.002279996871948242,0.00540614128112793
0.003095865249633789,0.0016760826110839844,0.0047719478607177734
0.002798795700073242,0.0015590190887451172,0.004357814788818359
0.002847909927368164,0.0016169548034667969,0.004464864730834961
0.0034110546112060547,0.001811981201171875,0.00522303581237793
0.003367185592651367,0.0014600753784179688,0.004827260971069336
